<metadata xml:lang="en"><Esri><CreaDate>20250305</CreaDate><CreaTime>17492900</CreaTime><ArcGISFormat>1.0</ArcGISFormat><SyncOnce>FALSE</SyncOnce><DataProperties><lineage><Process ToolSource="c:\program files\arcgis\pro\Resources\ArcToolbox\toolboxes\Data Management Tools.tbx\AlterField" Date="20250305" Time="174929">AlterField "C:\Users\l.dumarevskaya.ctr\ArcGIS projects\RISNER\data\CENSUS\Census_dataset\Census_dataset.gdb\Combined_All_Points" Is_this_service_device_publicly Is_this_service_device_publicly Is_this_se # 65536 NULLABLE DO_NOT_CLEAR</Process><Process ToolSource="c:\program files\arcgis\pro\Resources\ArcToolbox\toolboxes\Data Management Tools.tbx\AlterField" Date="20250305" Time="174930">AlterField "C:\Users\l.dumarevskaya.ctr\ArcGIS projects\RISNER\data\CENSUS\Census_dataset\Census_dataset.gdb\Combined_All_Points" Please_tell_us_when_the_service Please_tell_us_when_the_service Please_tel # 65536 NULLABLE DO_NOT_CLEAR</Process><Process ToolSource="c:\program files\arcgis\pro\Resources\ArcToolbox\toolboxes\Data Management Tools.tbx\AlterField" Date="20250305" Time="174930">AlterField "C:\Users\l.dumarevskaya.ctr\ArcGIS projects\RISNER\data\CENSUS\Census_dataset\Census_dataset.gdb\Combined_All_Points" Other___Please_tell_us_when_the Other___Please_tell_us_when_the Other___Pl # 65536 NULLABLE DO_NOT_CLEAR</Process><Process ToolSource="c:\program files\arcgis\pro\Resources\ArcToolbox\toolboxes\Data Management Tools.tbx\AlterField" Date="20250305" Time="174931">AlterField "C:\Users\l.dumarevskaya.ctr\ArcGIS projects\RISNER\data\CENSUS\Census_dataset\Census_dataset.gdb\Combined_All_Points" General_comments_about_this_ser General_comments_about_this_ser General_co # 65536 NULLABLE DO_NOT_CLEAR</Process><Process ToolSource="c:\program files\arcgis\pro\Resources\ArcToolbox\toolboxes\Data Management Tools.tbx\AlterField" Date="20250305" Time="174932">AlterField "C:\Users\l.dumarevskaya.ctr\ArcGIS projects\RISNER\data\CENSUS\Census_dataset\Census_dataset.gdb\Combined_All_Points" Please_select_the_type_of_devic Please_select_the_type_of_devic Please_sel # 65536 NULLABLE DO_NOT_CLEAR</Process><Process ToolSource="c:\program files\arcgis\pro\Resources\ArcToolbox\toolboxes\Data Management Tools.tbx\AlterField" Date="20250305" Time="174933">AlterField "C:\Users\l.dumarevskaya.ctr\ArcGIS projects\RISNER\data\CENSUS\Census_dataset\Census_dataset.gdb\Combined_All_Points" Does_the_NaloxBox_have_a_rapid_ Does_the_NaloxBox_have_a_rapid_ Does_the_N # 65536 NULLABLE DO_NOT_CLEAR</Process><Process ToolSource="c:\program files\arcgis\pro\Resources\ArcToolbox\toolboxes\Data Management Tools.tbx\AlterField" Date="20250305" Time="174933">AlterField "C:\Users\l.dumarevskaya.ctr\ArcGIS projects\RISNER\data\CENSUS\Census_dataset\Census_dataset.gdb\Combined_All_Points" Is_the_rapid_response_kit_intac Is_the_rapid_response_kit_intac Is_the_rap # 65536 NULLABLE DO_NOT_CLEAR</Process><Process ToolSource="c:\program files\arcgis\pro\Resources\ArcToolbox\toolboxes\Data Management Tools.tbx\AlterField" Date="20250305" Time="174934">AlterField "C:\Users\l.dumarevskaya.ctr\ArcGIS projects\RISNER\data\CENSUS\Census_dataset\Census_dataset.gdb\Combined_All_Points" Is_the_NaloxBox_in_date_ Is_the_NaloxBox_in_date_ Is_the_Nal # 65536 NULLABLE DO_NOT_CLEAR</Process><Process ToolSource="c:\program files\arcgis\pro\Resources\ArcToolbox\toolboxes\Data Management Tools.tbx\AlterField" Date="20250305" Time="174935">AlterField "C:\Users\l.dumarevskaya.ctr\ArcGIS projects\RISNER\data\CENSUS\Census_dataset\Census_dataset.gdb\Combined_All_Points" Is_this_NaloxBox_easily_accessi Is_this_NaloxBox_easily_accessi Is_this_Na # 65536 NULLABLE DO_NOT_CLEAR</Process><Process ToolSource="c:\program files\arcgis\pro\Resources\ArcToolbox\toolboxes\Data Management Tools.tbx\AlterField" Date="20250305" Time="174935">AlterField "C:\Users\l.dumarevskaya.ctr\ArcGIS projects\RISNER\data\CENSUS\Census_dataset\Census_dataset.gdb\Combined_All_Points" If_the_NaloxBox_is_not_easily_a If_the_NaloxBox_is_not_easily_a If_the_Nal # 65536 NULLABLE DO_NOT_CLEAR</Process><Process ToolSource="c:\program files\arcgis\pro\Resources\ArcToolbox\toolboxes\Data Management Tools.tbx\AlterField" Date="20250305" Time="174936">AlterField "C:\Users\l.dumarevskaya.ctr\ArcGIS projects\RISNER\data\CENSUS\Census_dataset\Census_dataset.gdb\Combined_All_Points" Is_there_a_sign_that_indicates_ Is_there_a_sign_that_indicates_ Is_there_a # 65536 NULLABLE DO_NOT_CLEAR</Process><Process ToolSource="c:\program files\arcgis\pro\Resources\ArcToolbox\toolboxes\Data Management Tools.tbx\AlterField" Date="20250305" Time="174940">AlterField "C:\Users\l.dumarevskaya.ctr\ArcGIS projects\RISNER\data\CENSUS\Census_dataset\Census_dataset.gdb\Combined_All_Points" Name_of_Location_Org__B1_E29A36 Name_of_Location_Org__B1_E29A36 Name_of_Lo # 65536 NULLABLE DO_NOT_CLEAR</Process><Process ToolSource="c:\program files\arcgis\pro\Resources\ArcToolbox\toolboxes\Data Management Tools.tbx\AlterField" Date="20250305" Time="174941">AlterField "C:\Users\l.dumarevskaya.ctr\ArcGIS projects\RISNER\data\CENSUS\Census_dataset\Census_dataset.gdb\Combined_All_Points" Naloxone_Supplier Naloxone_Supplier Naloxone_S # 65536 NULLABLE DO_NOT_CLEAR</Process><Process ToolSource="c:\program files\arcgis\pro\Resources\ArcToolbox\toolboxes\Data Management Tools.tbx\AlterField" Date="20250305" Time="174942">AlterField "C:\Users\l.dumarevskaya.ctr\ArcGIS projects\RISNER\data\CENSUS\Census_dataset\Census_dataset.gdb\Combined_All_Points" Address_of_NaloxBox Address_of_NaloxBox Address_of # 65536 NULLABLE DO_NOT_CLEAR</Process><Process ToolSource="c:\program files\arcgis\pro\Resources\ArcToolbox\toolboxes\Data Management Tools.tbx\AlterField" Date="20250305" Time="174942">AlterField "C:\Users\l.dumarevskaya.ctr\ArcGIS projects\RISNER\data\CENSUS\Census_dataset\Census_dataset.gdb\Combined_All_Points" Naloxone_Supplier1 Naloxone_Supplier1 Naloxone_1 # 65536 NULLABLE DO_NOT_CLEAR</Process><Process ToolSource="c:\program files\arcgis\pro\Resources\ArcToolbox\toolboxes\Data Management Tools.tbx\AlterField" Date="20250305" Time="174943">AlterField "C:\Users\l.dumarevskaya.ctr\ArcGIS projects\RISNER\data\CENSUS\Census_dataset\Census_dataset.gdb\Combined_All_Points" Org_Facility Org_Facility Org_Facili # 65536 NULLABLE DO_NOT_CLEAR</Process><Process ToolSource="c:\program files\arcgis\pro\Resources\ArcToolbox\toolboxes\Data Management Tools.tbx\AlterField" Date="20250305" Time="181459">AlterField "C:\Users\l.dumarevskaya.ctr\ArcGIS projects\RISNER\data\CENSUS\Census_dataset\Census_dataset.gdb\Combined_All_Points" Match_addr "Full address" # # 65536 NULLABLE DO_NOT_CLEAR</Process><Process ToolSource="c:\program files\arcgis\pro\Resources\ArcToolbox\Toolboxes\Data Management Tools.tbx\UpdateSchema" Date="20250305" Time="182348">UpdateSchema "CIMDATA=&lt;CIMStandardDataConnection xsi:type='typens:CIMStandardDataConnection' xmlns:xsi='http://www.w3.org/2001/XMLSchema-instance' xmlns:xs='http://www.w3.org/2001/XMLSchema' xmlns:typens='http://www.esri.com/schemas/ArcGIS/3.4.0'&gt;&lt;WorkspaceConnectionString&gt;DATABASE=C:\Users\l.dumarevskaya.ctr\ArcGIS projects\RISNER\data\CENSUS\Census_dataset\Census_dataset.gdb&lt;/WorkspaceConnectionString&gt;&lt;WorkspaceFactory&gt;FileGDB&lt;/WorkspaceFactory&gt;&lt;Dataset&gt;Combined_All_Points&lt;/Dataset&gt;&lt;DatasetType&gt;esriDTFeatureClass&lt;/DatasetType&gt;&lt;/CIMStandardDataConnection&gt;" &lt;operationSequence&gt;&lt;workflow&gt;&lt;AddField&gt;&lt;field_name&gt;Field&lt;/field_name&gt;&lt;field_type&gt;LONG&lt;/field_type&gt;&lt;field_is_nullable&gt;True&lt;/field_is_nullable&gt;&lt;field_is_required&gt;False&lt;/field_is_required&gt;&lt;/AddField&gt;&lt;/workflow&gt;&lt;/operationSequence&gt;</Process><Process ToolSource="c:\program files\arcgis\pro\Resources\ArcToolbox\Toolboxes\Data Management Tools.tbx\UpdateSchema" Date="20250305" Time="183019">UpdateSchema "CIMDATA=&lt;CIMStandardDataConnection xsi:type='typens:CIMStandardDataConnection' xmlns:xsi='http://www.w3.org/2001/XMLSchema-instance' xmlns:xs='http://www.w3.org/2001/XMLSchema' xmlns:typens='http://www.esri.com/schemas/ArcGIS/3.4.0'&gt;&lt;WorkspaceConnectionString&gt;DATABASE=C:\Users\l.dumarevskaya.ctr\ArcGIS projects\RISNER\data\CENSUS\Census_dataset\Census_dataset.gdb&lt;/WorkspaceConnectionString&gt;&lt;WorkspaceFactory&gt;FileGDB&lt;/WorkspaceFactory&gt;&lt;Dataset&gt;Combined_All_Points&lt;/Dataset&gt;&lt;DatasetType&gt;esriDTFeatureClass&lt;/DatasetType&gt;&lt;/CIMStandardDataConnection&gt;" &lt;operationSequence&gt;&lt;workflow&gt;&lt;AddField&gt;&lt;field_name&gt;Field2&lt;/field_name&gt;&lt;field_type&gt;LONG&lt;/field_type&gt;&lt;field_is_nullable&gt;True&lt;/field_is_nullable&gt;&lt;field_is_required&gt;False&lt;/field_is_required&gt;&lt;/AddField&gt;&lt;/workflow&gt;&lt;/operationSequence&gt;</Process><Process ToolSource="c:\program files\arcgis\pro\Resources\ArcToolbox\Toolboxes\Data Management Tools.tbx\DeleteField" Date="20250305" Time="183033">DeleteField Combined_All_Points Field DELETE_FIELDS</Process><Process ToolSource="c:\program files\arcgis\pro\Resources\ArcToolbox\Toolboxes\Data Management Tools.tbx\DeleteField" Date="20250305" Time="183042">DeleteField Combined_All_Points Field2 DELETE_FIELDS</Process><Process ToolSource="c:\program files\arcgis\pro\Resources\ArcToolbox\Toolboxes\Data Management Tools.tbx\UpdateSchema" Date="20250305" Time="183146">UpdateSchema "CIMDATA=&lt;CIMStandardDataConnection xsi:type='typens:CIMStandardDataConnection' xmlns:xsi='http://www.w3.org/2001/XMLSchema-instance' xmlns:xs='http://www.w3.org/2001/XMLSchema' xmlns:typens='http://www.esri.com/schemas/ArcGIS/3.4.0'&gt;&lt;WorkspaceConnectionString&gt;DATABASE=C:\Users\l.dumarevskaya.ctr\ArcGIS projects\RISNER\data\CENSUS\Census_dataset\Census_dataset.gdb&lt;/WorkspaceConnectionString&gt;&lt;WorkspaceFactory&gt;FileGDB&lt;/WorkspaceFactory&gt;&lt;Dataset&gt;Combined_All_Points&lt;/Dataset&gt;&lt;DatasetType&gt;esriDTFeatureClass&lt;/DatasetType&gt;&lt;/CIMStandardDataConnection&gt;" &lt;operationSequence&gt;&lt;workflow&gt;&lt;AlterField&gt;&lt;field_name&gt;Naloxone_Supplier1&lt;/field_name&gt;&lt;new_field_name&gt;Naloxone_Supplier1&lt;/new_field_name&gt;&lt;field_type&gt;TEXT&lt;/field_type&gt;&lt;field_is_nullable&gt;True&lt;/field_is_nullable&gt;&lt;clear_field_alias&gt;False&lt;/clear_field_alias&gt;&lt;/AlterField&gt;&lt;/workflow&gt;&lt;workflow&gt;&lt;AddField&gt;&lt;field_name&gt;Field&lt;/field_name&gt;&lt;field_type&gt;LONG&lt;/field_type&gt;&lt;field_is_nullable&gt;True&lt;/field_is_nullable&gt;&lt;field_is_required&gt;False&lt;/field_is_required&gt;&lt;/AddField&gt;&lt;/workflow&gt;&lt;/operationSequence&gt;</Process><Process ToolSource="c:\program files\arcgis\pro\Resources\ArcToolbox\Toolboxes\Data Management Tools.tbx\DeleteField" Date="20250305" Time="183200">DeleteField Combined_All_Points Naloxone_Supplier1 DELETE_FIELDS</Process><Process ToolSource="c:\program files\arcgis\pro\Resources\ArcToolbox\Toolboxes\Data Management Tools.tbx\DeleteField" Date="20250305" Time="183210">DeleteField Combined_All_Points Field DELETE_FIELDS</Process><Process ToolSource="c:\program files\arcgis\pro\Resources\ArcToolbox\Toolboxes\Data Management Tools.tbx\DeleteField" Date="20250305" Time="183225">DeleteField Combined_All_Points Addr_type DELETE_FIELDS</Process><Process ToolSource="c:\program files\arcgis\pro\Resources\ArcToolbox\Toolboxes\Data Management Tools.tbx\DeleteField" Date="20250305" Time="183232">DeleteField Combined_All_Points Field1 DELETE_FIELDS</Process><Process ToolSource="c:\program files\arcgis\pro\Resources\ArcToolbox\Toolboxes\Data Management Tools.tbx\UpdateSchema" Date="20250305" Time="183356">UpdateSchema "CIMDATA=&lt;CIMStandardDataConnection xsi:type='typens:CIMStandardDataConnection' xmlns:xsi='http://www.w3.org/2001/XMLSchema-instance' xmlns:xs='http://www.w3.org/2001/XMLSchema' xmlns:typens='http://www.esri.com/schemas/ArcGIS/3.4.0'&gt;&lt;WorkspaceConnectionString&gt;DATABASE=C:\Users\l.dumarevskaya.ctr\ArcGIS projects\RISNER\data\CENSUS\Census_dataset\Census_dataset.gdb&lt;/WorkspaceConnectionString&gt;&lt;WorkspaceFactory&gt;FileGDB&lt;/WorkspaceFactory&gt;&lt;Dataset&gt;Combined_All_Points&lt;/Dataset&gt;&lt;DatasetType&gt;esriDTFeatureClass&lt;/DatasetType&gt;&lt;/CIMStandardDataConnection&gt;" &lt;operationSequence&gt;&lt;workflow&gt;&lt;DeleteField&gt;&lt;field_name&gt;Is_this_service_device_publicly_available_&lt;/field_name&gt;&lt;field_name&gt;Please_tell_us_when_the_service_is_publicly_available_&lt;/field_name&gt;&lt;field_name&gt;Other___Please_tell_us_when_the_service_is_publicly_available_&lt;/field_name&gt;&lt;field_name&gt;General_comments_about_this_service_&lt;/field_name&gt;&lt;field_name&gt;Please_select_the_type_of_device&lt;/field_name&gt;&lt;field_name&gt;Does_the_NaloxBox_have_a_rapid_response_kit_&lt;/field_name&gt;&lt;field_name&gt;Is_the_rapid_response_kit_intact_&lt;/field_name&gt;&lt;field_name&gt;Is_this_NaloxBox_easily_accessible_&lt;/field_name&gt;&lt;field_name&gt;If_the_NaloxBox_is_not_easily_accessible__please_give_detailed_i&lt;/field_name&gt;&lt;field_name&gt;Is_there_a_sign_that_indicates_the_location_of_the_NaloxBox_&lt;/field_name&gt;&lt;/DeleteField&gt;&lt;/workflow&gt;&lt;workflow&gt;&lt;AddField&gt;&lt;field_name&gt;Field&lt;/field_name&gt;&lt;field_type&gt;LONG&lt;/field_type&gt;&lt;field_is_nullable&gt;True&lt;/field_is_nullable&gt;&lt;field_is_required&gt;False&lt;/field_is_required&gt;&lt;/AddField&gt;&lt;/workflow&gt;&lt;/operationSequence&gt;</Process><Process ToolSource="c:\program files\arcgis\pro\Resources\ArcToolbox\Toolboxes\Data Management Tools.tbx\DeleteField" Date="20250305" Time="183406">DeleteField Combined_All_Points Field DELETE_FIELDS</Process><Process ToolSource="c:\program files\arcgis\pro\Resources\ArcToolbox\Toolboxes\Data Management Tools.tbx\DeleteField" Date="20250305" Time="183426">DeleteField Combined_All_Points F1 DELETE_FIELDS</Process><Process ToolSource="c:\program files\arcgis\pro\Resources\ArcToolbox\toolboxes\Data Management Tools.tbx\Rename" Date="20250305" Time="184310">Rename "C:\Users\l.dumarevskaya.ctr\ArcGIS projects\RISNER\data\CENSUS\Census_dataset\Census_dataset.gdb\Combined_All_Points" "C:\Users\l.dumarevskaya.ctr\ArcGIS projects\RISNER\data\CENSUS\Census_dataset\Census_dataset.gdb\Naloxon_locations" FeatureClass</Process><Process ToolSource="c:\program files\arcgis\pro\Resources\ArcToolbox\toolboxes\Conversion Tools.tbx\ExportFeatures" Date="20250305" Time="185101">ExportFeatures Naloxon_locations C:\Users\l.dumarevskaya.ctr\PycharmProjects\naloxone\naloxon_locations.shp # NOT_USE_ALIAS "Location "Location" true true false 65536 Text 0 0,First,#,Naloxon_locations,Location,0,65535;Address "Address" true true false 65536 Text 0 0,First,#,Naloxon_locations,Address,0,65535;City "City" true true false 65536 Text 0 0,First,#,Naloxon_locations,City,0,65535;x "x" true true false 8 Double 0 0,First,#,Naloxon_locations,x,-1,-1;y "y" true true false 8 Double 0 0,First,#,Naloxon_locations,y,-1,-1;Full_address "Full_address" true true false 65536 Text 0 0,First,#,Naloxon_locations,Full_address,0,65535;Name_of_Location "Name_of_Location" true true false 65536 Text 0 0,First,#,Naloxon_locations,Name_of_Location_Org__B1_E29A36,0,65535;Naloxone_Supplier "Naloxone_Supplier" true true false 65536 Text 0 0,First,#,Naloxon_locations,Naloxone_Supplier,0,65535;Address_of_NaloxBox "Address_of_NaloxBox" true true false 65536 Text 0 0,First,#,Naloxon_locations,Address_of_NaloxBox,0,65535;Org_Facility "Org_Facility" true true false 65536 Text 0 0,First,#,Naloxon_locations,Org_Facility,0,65535" #</Process></lineage><itemProps><itemName Sync="TRUE">naloxon_locations</itemName><imsContentType Sync="TRUE">002</imsContentType><itemSize Sync="TRUE">0.000</itemSize><itemLocation><linkage Sync="TRUE">file://\\DOH-COV-42S2S73\C$\Users\l.dumarevskaya.ctr\PycharmProjects\naloxone\naloxon_locations.shp</linkage><protocol Sync="TRUE">Local Area Network</protocol></itemLocation></itemProps><coordRef><type Sync="TRUE">Geographic</type><geogcsn Sync="TRUE">GCS_WGS_1984</geogcsn><csUnits Sync="TRUE">Angular Unit: Degree (0.017453)</csUnits><peXml Sync="TRUE">&lt;GeographicCoordinateSystem xsi:type='typens:GeographicCoordinateSystem' xmlns:xsi='http://www.w3.org/2001/XMLSchema-instance' xmlns:xs='http://www.w3.org/2001/XMLSchema' xmlns:typens='http://www.esri.com/schemas/ArcGIS/3.4.0'&gt;&lt;WKT&gt;GEOGCS[&amp;quot;GCS_WGS_1984&amp;quot;,DATUM[&amp;quot;D_WGS_1984&amp;quot;,SPHEROID[&amp;quot;WGS_1984&amp;quot;,6378137.0,298.257223563]],PRIMEM[&amp;quot;Greenwich&amp;quot;,0.0],UNIT[&amp;quot;Degree&amp;quot;,0.0174532925199433],AUTHORITY[&amp;quot;EPSG&amp;quot;,4326]]&lt;/WKT&gt;&lt;XOrigin&gt;-400&lt;/XOrigin&gt;&lt;YOrigin&gt;-400&lt;/YOrigin&gt;&lt;XYScale&gt;11258999068426.238&lt;/XYScale&gt;&lt;ZOrigin&gt;-100000&lt;/ZOrigin&gt;&lt;ZScale&gt;10000&lt;/ZScale&gt;&lt;MOrigin&gt;-100000&lt;/MOrigin&gt;&lt;MScale&gt;10000&lt;/MScale&gt;&lt;XYTolerance&gt;8.983152841195215e-09&lt;/XYTolerance&gt;&lt;ZTolerance&gt;0.001&lt;/ZTolerance&gt;&lt;MTolerance&gt;0.001&lt;/MTolerance&gt;&lt;HighPrecision&gt;true&lt;/HighPrecision&gt;&lt;LeftLongitude&gt;-180&lt;/LeftLongitude&gt;&lt;WKID&gt;4326&lt;/WKID&gt;&lt;LatestWKID&gt;4326&lt;/LatestWKID&gt;&lt;/GeographicCoordinateSystem&gt;</peXml></coordRef></DataProperties><SyncDate>20250305</SyncDate><SyncTime>18510100</SyncTime><ModDate>20250305</ModDate><ModTime>18510100</ModTime></Esri><dataIdInfo><envirDesc Sync="TRUE">Microsoft Windows 10 Version 10.0 (Build 22631) ; Esri ArcGIS 13.4.0.55405</envirDesc><dataLang><languageCode value="eng" Sync="TRUE"></languageCode><countryCode value="USA" Sync="TRUE"></countryCode></dataLang><idCitation><resTitle Sync="TRUE">naloxon_locations</resTitle><presForm><PresFormCd value="005" Sync="TRUE"></PresFormCd></presForm></idCitation><spatRpType><SpatRepTypCd value="001" Sync="TRUE"></SpatRepTypCd></spatRpType></dataIdInfo><mdLang><languageCode value="eng" Sync="TRUE"></languageCode><countryCode value="USA" Sync="TRUE"></countryCode></mdLang><distInfo><distFormat><formatName Sync="TRUE">Shapefile</formatName></distFormat><distTranOps><transSize Sync="TRUE">0.000</transSize></distTranOps></distInfo><mdHrLv><ScopeCd value="005" Sync="TRUE"></ScopeCd></mdHrLv><mdHrLvName Sync="TRUE">dataset</mdHrLvName><refSysInfo><RefSystem><refSysID><identCode code="4326" Sync="TRUE"></identCode><idCodeSpace Sync="TRUE">EPSG</idCodeSpace><idVersion Sync="TRUE">6.2(3.0.1)</idVersion></refSysID></RefSystem></refSysInfo><spatRepInfo><VectSpatRep><geometObjs Name="naloxon_locations"><geoObjTyp><GeoObjTypCd value="004" Sync="TRUE"></GeoObjTypCd></geoObjTyp><geoObjCnt Sync="TRUE">0</geoObjCnt></geometObjs><topLvl><TopoLevCd value="001" Sync="TRUE"></TopoLevCd></topLvl></VectSpatRep></spatRepInfo><spdoinfo><ptvctinf><esriterm Name="naloxon_locations"><efeatyp Sync="TRUE">Simple</efeatyp><efeageom code="1" Sync="TRUE"></efeageom><esritopo Sync="TRUE">FALSE</esritopo><efeacnt Sync="TRUE">0</efeacnt><spindex Sync="TRUE">FALSE</spindex><linrefer Sync="TRUE">FALSE</linrefer></esriterm></ptvctinf></spdoinfo><eainfo><detailed Name="naloxon_locations"><enttyp><enttypl Sync="TRUE">naloxon_locations</enttypl><enttypt Sync="TRUE">Feature Class</enttypt><enttypc Sync="TRUE">0</enttypc></enttyp><attr><attrlabl Sync="TRUE">FID</attrlabl><attalias Sync="TRUE">FID</attalias><attrtype Sync="TRUE">OID</attrtype><attwidth Sync="TRUE">4</attwidth><atprecis Sync="TRUE">0</atprecis><attscale Sync="TRUE">0</attscale><attrdef Sync="TRUE">Internal feature number.</attrdef><attrdefs Sync="TRUE">Esri</attrdefs><attrdomv><udom Sync="TRUE">Sequential unique whole numbers that are automatically generated.</udom></attrdomv></attr><attr><attrlabl Sync="TRUE">Shape</attrlabl><attalias Sync="TRUE">Shape</attalias><attrtype Sync="TRUE">Geometry</attrtype><attwidth Sync="TRUE">0</attwidth><atprecis Sync="TRUE">0</atprecis><attscale Sync="TRUE">0</attscale><attrdef Sync="TRUE">Feature geometry.</attrdef><attrdefs Sync="TRUE">Esri</attrdefs><attrdomv><udom Sync="TRUE">Coordinates defining the features.</udom></attrdomv></attr><attr><attrlabl Sync="TRUE">Location</attrlabl><attalias Sync="TRUE">Location</attalias><attrtype Sync="TRUE">String</attrtype><attwidth Sync="TRUE">254</attwidth><atprecis Sync="TRUE">0</atprecis><attscale Sync="TRUE">0</attscale></attr><attr><attrlabl Sync="TRUE">Address</attrlabl><attalias Sync="TRUE">Address</attalias><attrtype Sync="TRUE">String</attrtype><attwidth Sync="TRUE">254</attwidth><atprecis Sync="TRUE">0</atprecis><attscale Sync="TRUE">0</attscale></attr><attr><attrlabl Sync="TRUE">City</attrlabl><attalias Sync="TRUE">City</attalias><attrtype Sync="TRUE">String</attrtype><attwidth Sync="TRUE">254</attwidth><atprecis Sync="TRUE">0</atprecis><attscale Sync="TRUE">0</attscale></attr><attr><attrlabl Sync="TRUE">x</attrlabl><attalias Sync="TRUE">x</attalias><attrtype Sync="TRUE">Double</attrtype><attwidth Sync="TRUE">19</attwidth><atprecis Sync="TRUE">0</atprecis><attscale Sync="TRUE">0</attscale></attr><attr><attrlabl Sync="TRUE">y</attrlabl><attalias Sync="TRUE">y</attalias><attrtype Sync="TRUE">Double</attrtype><attwidth Sync="TRUE">19</attwidth><atprecis Sync="TRUE">0</atprecis><attscale Sync="TRUE">0</attscale></attr><attr><attrlabl Sync="TRUE">Full_addre</attrlabl><attalias Sync="TRUE">Full_addre</attalias><attrtype Sync="TRUE">String</attrtype><attwidth Sync="TRUE">254</attwidth><atprecis Sync="TRUE">0</atprecis><attscale Sync="TRUE">0</attscale></attr><attr><attrlabl Sync="TRUE">Name_of_Lo</attrlabl><attalias Sync="TRUE">Name_of_Lo</attalias><attrtype Sync="TRUE">String</attrtype><attwidth Sync="TRUE">254</attwidth><atprecis Sync="TRUE">0</atprecis><attscale Sync="TRUE">0</attscale></attr><attr><attrlabl Sync="TRUE">Naloxone_S</attrlabl><attalias Sync="TRUE">Naloxone_S</attalias><attrtype Sync="TRUE">String</attrtype><attwidth Sync="TRUE">254</attwidth><atprecis Sync="TRUE">0</atprecis><attscale Sync="TRUE">0</attscale></attr><attr><attrlabl Sync="TRUE">Address_of</attrlabl><attalias Sync="TRUE">Address_of</attalias><attrtype Sync="TRUE">String</attrtype><attwidth Sync="TRUE">254</attwidth><atprecis Sync="TRUE">0</atprecis><attscale Sync="TRUE">0</attscale></attr><attr><attrlabl Sync="TRUE">Org_Facili</attrlabl><attalias Sync="TRUE">Org_Facili</attalias><attrtype Sync="TRUE">String</attrtype><attwidth Sync="TRUE">254</attwidth><atprecis Sync="TRUE">0</atprecis><attscale Sync="TRUE">0</attscale></attr></detailed></eainfo><mdDateSt Sync="TRUE">20250305</mdDateSt></metadata>
